City_ID,City,Lat,Lng,Max Temp,Humidity,Cloudiness,Wind Speed,Country,Date
0,lasa,46.6166,10.7002,6.49,51,49,0.68,IT,1667884296
1,verkhnyaya inta,65.9811,60.3094,-2.73,94,100,3.42,RU,1667884297
2,luderitz,-26.6481,15.1594,17.61,79,50,3.28,NA,1667884297
3,castro,-24.7911,-50.0119,8.34,99,13,2.17,BR,1667884298
4,bluff,-46.6,168.3333,18.78,74,50,6.97,NZ,1667884298
5,pochutla,15.7432,-96.4661,25.46,91,48,1.82,MX,1667884299
6,port elizabeth,-33.918,25.5701,19.06,83,58,1.79,ZA,1667884196
7,avarua,-21.2078,-159.775,23.03,68,20,3.09,CK,1667884103
8,kousseri,12.0769,15.0306,24.17,35,24,3.19,CM,1667884300
9,sasovo,54.3537,41.9199,0.62,98,100,1.34,RU,1667884300
10,kruisfontein,-34.0033,24.7314,14.94,68,21,2.8,ZA,1667884301
11,jacqueville,5.2052,-4.4146,26.21,81,99,2.38,CI,1667884302
12,rocha,-34.4833,-54.3333,11.04,96,1,1.78,UY,1667884303
13,ribeira grande,38.5167,-28.7,17.65,70,100,0.45,PT,1667884303
14,dikson,73.5069,80.5464,-14.2,93,99,3.96,RU,1667884304
15,itarema,-2.9248,-39.9167,25.68,71,17,5.52,BR,1667884304
16,albany,42.6001,-73.9662,8.06,60,5,2.68,US,1667884022
17,grand gaube,-20.0064,57.6608,26.22,64,59,3.58,MU,1667884304
18,vierzon,47.2101,2.0625,11.21,64,74,4.77,FR,1667884305
19,east london,-33.0153,27.9116,19.94,80,100,5.64,ZA,1667884306
20,sabha,27.0377,14.4283,13.44,61,0,3.71,LY,1667884306
21,vila,42.0304,-8.1588,10.49,93,95,2.75,PT,1667884306
22,ushuaia,-54.8,-68.3,11.81,47,0,3.09,AR,1667884307
23,parakou,9.3372,2.6303,20.86,38,94,1.21,BJ,1667884308
24,barrow,71.2906,-156.7887,-2.99,86,100,10.8,US,1667884308
25,kirby,29.4633,-98.3856,24.03,87,100,5.14,US,1667884309
26,asyut,27.181,31.1837,17.57,54,40,2.25,EG,1667884309
27,chimoio,-19.1164,33.4833,20.81,83,99,0.83,MZ,1667884310
28,bambous virieux,-20.3428,57.7575,26.14,65,40,4.63,MU,1667884311
29,atuona,-9.8,-139.0333,25.07,72,99,5.46,PF,1667884311
30,arman,59.7,150.1667,-6.1,90,98,2.81,RU,1667884312
31,blatnica,44.4864,17.8233,7.48,86,14,1.86,BA,1667884312
32,guerrero negro,27.9769,-114.0611,18.12,81,33,4.25,MX,1667884312
33,kavieng,-2.5744,150.7967,28.92,69,100,2.77,PG,1667884313
34,bambanglipuro,-7.95,110.2833,28.39,75,80,3.56,ID,1667884313
35,qaqortoq,60.7167,-46.0333,-4.44,79,100,2.78,GL,1667884313
36,mataura,-46.1927,168.8643,18.6,55,79,2.21,NZ,1667884314
37,thompson,55.7435,-97.8558,-20.12,97,83,1.67,CA,1667884259
38,tiksi,71.6872,128.8694,-17.7,89,100,7.41,RU,1667884315
39,panjab,34.388,67.0233,3.23,58,58,2.51,AF,1667884315
40,medicine hat,50.0501,-110.6683,-16.55,85,0,4.12,CA,1667884218
41,ancud,-41.8697,-73.8203,11.89,95,97,1.35,CL,1667884316
42,upernavik,72.7868,-56.1549,-15.8,87,60,3.31,GL,1667884316
43,atar,20.5169,-13.0499,24.79,19,98,1.54,MR,1667884317
44,pfarrkirchen,48.432,12.9381,5.46,93,41,1.75,DE,1667884317
45,hobart,-42.8794,147.3294,27.9,53,0,1.54,AU,1667884318
46,hervey bay,-25.2986,152.8535,24.45,54,24,3.13,AU,1667884079
47,punta arenas,-53.15,-70.9167,10.06,66,40,7.72,CL,1667884318
48,omboue,-1.5746,9.2618,24.48,92,100,2.54,GA,1667884319
49,kaitangata,-46.2817,169.8464,15.2,69,90,2.16,NZ,1667884319
50,bredasdorp,-34.5322,20.0403,15.84,74,79,2.21,ZA,1667884320
51,jamestown,42.097,-79.2353,6.77,73,0,3.09,US,1667884321
52,iquique,-20.2208,-70.1431,17.02,63,0,0.83,CL,1667884321
53,sand,50.0,10.6,8.14,99,16,2.16,DE,1667884323
54,areka,7.0667,37.7,17.45,61,100,2.83,ET,1667884324
55,eureka,40.8021,-124.1637,7.34,95,100,2.24,US,1667884324
56,madhogarh,26.276,79.1869,28.11,37,24,2.57,IN,1667884325
57,lake havasu city,34.4839,-114.3224,21.37,44,0,5.14,US,1667884326
58,caravelas,-17.7125,-39.2481,20.66,76,83,2.06,BR,1667884326
59,north bend,43.4065,-124.2243,6.2,97,100,4.63,US,1667884327
60,college,64.8569,-147.8028,-7.03,80,75,0.0,US,1667884328
61,rikitea,-23.1203,-134.9692,23.38,90,91,6.2,PF,1667884328
62,byron bay,-28.65,153.6167,18.3,81,96,3.4,AU,1667884329
63,flin flon,54.7682,-101.865,-13.33,84,100,4.36,CA,1667884330
64,fecamp,49.7579,0.3746,13.84,69,100,11.68,FR,1667884331
65,provideniya,64.3833,-173.3,0.06,93,100,10.0,RU,1667884331
66,victoria,22.2855,114.1577,23.35,84,96,4.47,HK,1667884308
67,kyzyl-suu,42.3414,78.0056,6.77,57,93,2.78,KG,1667884332
68,visinesti,45.1,25.55,9.2,79,100,1.18,RO,1667884333
69,lebu,-37.6167,-73.65,11.71,87,100,4.13,CL,1667884242
70,sakaiminato,35.55,133.2333,17.38,59,23,4.58,JP,1667884334
71,ishigaki,24.3448,124.1572,24.6,81,2,5.74,JP,1667884334
72,clyde river,70.4692,-68.5914,-16.62,89,99,1.98,CA,1667884335
73,okitipupa,6.5047,4.7839,23.02,97,79,0.64,NG,1667884335
74,cuencame,24.8711,-103.6964,18.48,27,0,2.03,MX,1667884336
75,praia da vitoria,38.7333,-27.0667,15.42,89,97,5.85,PT,1667884335
76,kapaa,22.0752,-159.319,26.99,80,100,7.72,US,1667884102
77,ahipara,-35.1667,173.1667,17.38,81,94,6.93,NZ,1667884336
78,codrington,-38.2667,141.9667,24.43,62,4,4.68,AU,1667884337
79,port alfred,-33.5906,26.891,17.32,88,100,1.79,ZA,1667884338
80,busselton,-33.65,115.3333,20.67,55,84,3.6,AU,1667884338
81,kota,25.1833,75.8333,29.23,33,45,4.14,IN,1667884339
82,puerto ayora,-0.7393,-90.3518,19.19,87,86,0.89,EC,1667884340
83,liverpool,53.4106,-2.9779,10.84,89,20,6.69,GB,1667884340
84,longyearbyen,78.2186,15.6401,-5.09,80,75,5.66,SJ,1667884341
85,tanete,-3.9443,119.7848,30.77,67,76,1.41,ID,1667884341
86,port lincoln,-34.7333,135.8667,22.98,55,100,5.44,AU,1667884342
87,severo-kurilsk,50.6789,156.125,4.43,72,78,8.43,RU,1667884138
88,cabo san lucas,22.8909,-109.9124,23.06,73,0,0.89,MX,1667884343
89,katsuura,35.1333,140.3,19.26,55,0,4.38,JP,1667884343
90,hermanus,-34.4187,19.2345,15.89,77,77,2.19,ZA,1667884344
91,nantucket,41.2835,-70.0995,14.52,47,0,11.47,US,1667884345
92,torbay,47.6666,-52.7314,14.21,97,100,9.77,CA,1667884345
93,airai,-8.9266,125.4092,23.41,61,79,0.35,TL,1667884346
94,gao,16.6362,1.637,20.1,16,29,5.43,ML,1667884347
95,bombay,19.0144,72.8479,28.99,45,37,2.57,IN,1667884052
96,tasiilaq,65.6145,-37.6368,-3.4,95,100,0.9,GL,1667884348
97,scarborough,54.2797,-0.4044,10.76,90,100,3.58,GB,1667884348
98,bonga,7.2833,36.2333,16.01,89,100,0.68,ET,1667884349
99,cape town,-33.9258,18.4232,17.84,84,97,0.45,ZA,1667884148
100,hilo,19.7297,-155.09,23.12,92,100,3.09,US,1667884303
101,horta,38.5333,-28.6333,17.23,70,100,0.45,PT,1667884328
102,cherskiy,68.75,161.3,-21.58,100,60,0.68,RU,1667884350
103,maceio,-9.6658,-35.7353,22.69,94,40,1.54,BR,1667884190
104,tuy hoa,13.0833,109.3,26.74,75,100,6.14,VN,1667884351
105,ponta do sol,32.6667,-17.1,21.11,83,79,2.02,PT,1667884351
106,grand haven,43.0631,-86.2284,4.49,73,0,3.09,US,1667884077
107,khatanga,71.9667,102.5,-13.43,96,100,1.26,RU,1667884352
108,sibolga,1.7427,98.7792,29.65,65,92,2.4,ID,1667884353
109,cidreira,-30.1811,-50.2056,16.35,80,39,4.24,BR,1667884353
110,souillac,-20.5167,57.5167,26.21,65,40,4.63,MU,1667884354
111,georgetown,5.4112,100.3354,30.96,70,20,4.63,MY,1667884355
112,hithadhoo,-0.6,73.0833,28.16,73,26,7.63,MV,1667884355
113,khanpur,28.6453,70.6567,26.11,38,80,5.35,PK,1667884356
114,dalvik,65.9702,-18.5286,3.75,97,100,2.64,IS,1667884357
115,mar del plata,-38.0023,-57.5575,15.53,92,0,6.26,AR,1667884357
116,natal,-5.795,-35.2094,23.36,94,20,1.03,BR,1667884039
117,bilibino,68.0546,166.4372,-20.84,94,34,2.03,RU,1667884358
118,lorengau,-2.0226,147.2712,28.89,74,100,2.7,PG,1667884358
119,mayo,38.8876,-76.5119,17.19,40,0,4.63,US,1667884359
120,vesyegonsk,58.664,37.2604,2.38,98,100,3.61,RU,1667884360
121,karangasem,-8.45,115.6167,28.63,72,92,3.09,ID,1667884360
122,umea,63.8284,20.2597,-1.72,100,0,2.06,SE,1667884361
123,tuatapere,-46.1333,167.6833,18.77,54,54,2.46,NZ,1667884361
124,honningsvag,70.9821,25.9704,3.86,87,75,3.09,NO,1667884362
125,sharjah,25.3573,55.4033,29.99,47,0,1.54,AE,1667884362
126,poshekhonye,58.4993,39.1353,2.57,97,100,4.29,RU,1667884363
127,athabasca,54.7169,-113.2854,-12.93,95,100,4.54,CA,1667884364
128,saint-georges,12.0564,-61.7485,26.12,83,99,4.53,GD,1667884364
129,aykhal,66.0,111.5,-18.34,100,98,1.46,RU,1667884365
130,chuy,-33.6971,-53.4616,13.91,89,8,3.35,UY,1667884366
131,saldanha,-33.0117,17.9442,16.15,80,86,2.66,ZA,1667884366
132,samarai,-10.6167,150.6667,29.0,70,24,4.02,PG,1667884366
133,vaini,-21.2,-175.2,26.09,73,20,3.6,TO,1667884367
134,gat,31.61,34.7642,17.1,100,22,4.52,IL,1667884367
135,wilmington,34.2257,-77.9447,20.95,85,100,2.57,US,1667884331
136,fortuna,40.5982,-124.1573,7.19,97,100,5.14,US,1667884369
137,nouadhibou,20.931,-17.0347,21.31,72,22,6.6,MR,1667884369
138,svetlogorsk,52.6333,29.7333,5.9,98,99,3.02,BY,1667884370
139,chokurdakh,70.6333,147.9167,-24.09,98,75,4.69,RU,1667884370
140,ilulissat,69.2167,-51.1,-23.33,87,17,2.91,GL,1667884371
141,balkanabat,39.5108,54.3671,7.38,42,0,4.35,TM,1667884371
142,havre-saint-pierre,50.2334,-63.5986,4.64,66,26,12.07,CA,1667884371
143,pisco,-13.7,-76.2167,16.12,82,0,1.03,PE,1667884372
144,giyon,8.5333,37.9833,15.72,55,86,3.76,ET,1667884372
145,aquiraz,-3.9014,-38.3911,26.77,78,14,3.8,BR,1667884373
146,akureyri,65.6835,-18.0878,3.24,99,100,2.22,IS,1667884373
147,bulit,7.1153,124.7894,32.94,59,79,0.48,PH,1667884373
148,vanavara,60.34,102.2797,-6.55,86,99,4.64,RU,1667884374
149,high level,58.5169,-117.136,-20.95,98,83,1.16,CA,1667884374
150,ojinaga,29.5667,-104.4167,22.53,64,0,4.63,MX,1667884375
151,yellowknife,62.456,-114.3525,-14.69,77,100,0.89,CA,1667884375
152,general bravo,25.8,-99.1667,23.72,83,5,6.64,MX,1667884376
153,suntar,62.1444,117.6319,-7.19,93,100,1.05,RU,1667884376
154,lagoa,39.05,-27.9833,17.12,70,100,7.26,PT,1667884377
155,darya khan,31.7912,71.1039,24.56,36,15,1.65,PK,1667884378
156,carnarvon,-24.8667,113.6333,22.1,51,5,6.27,AU,1667884378
157,vytegra,61.0064,36.4481,1.78,91,100,4.0,RU,1667884379
158,padang,-0.9492,100.3543,28.64,72,100,2.31,ID,1667884379
159,preobrazheniye,42.9019,133.9064,8.41,42,0,2.47,RU,1667884380
160,mahibadhoo,3.7833,72.9667,27.85,73,4,5.18,MV,1667884381
161,ngunguru,-35.6167,174.5,16.22,97,100,8.1,NZ,1667884381
162,kununurra,-15.7667,128.7333,40.99,16,88,3.6,AU,1667884382
163,dunedin,-45.8742,170.5036,16.35,67,67,4.93,NZ,1667884227
164,esperance,-33.8667,121.9,17.0,66,100,7.37,AU,1667884383
165,quarai,-30.3875,-56.4514,12.12,74,0,4.63,BR,1667884383
166,nikolskoye,59.7035,30.7861,4.94,94,99,4.58,RU,1667884384
167,nanortalik,60.1432,-45.2371,-1.87,87,100,1.23,GL,1667884384
168,mingoyo,-10.1,39.6333,27.07,69,81,2.65,TZ,1667884385
169,montepuez,-13.1256,38.9997,24.26,61,16,4.06,MZ,1667884386
170,sorong,-0.8833,131.25,28.37,75,100,3.58,ID,1667884301
171,port moresby,-9.4431,147.1797,28.66,71,82,4.5,PG,1667884387
172,sandwick,60.0,-1.25,11.9,94,100,8.75,GB,1667884387
173,bethel,41.3712,-73.414,11.38,54,0,3.09,US,1667884388
174,rehoboth,-23.3167,17.0833,16.07,66,14,1.29,NA,1667884366
175,kabompo,-13.5927,24.2008,18.4,94,100,1.15,ZM,1667884388
176,aklavik,68.2191,-135.0107,-16.48,83,100,5.11,CA,1667884389
177,manoel urbano,-8.8389,-69.2597,22.43,58,11,1.06,BR,1667884389
178,trairi,-3.2778,-39.2689,25.03,73,66,3.62,BR,1667884152
179,mahebourg,-20.4081,57.7,26.16,65,40,4.63,MU,1667884390
180,bukene,-4.2333,32.8833,21.45,70,80,1.26,TZ,1667884390
181,bathsheba,13.2167,-59.5167,28.34,78,40,7.72,BB,1667884391
182,shieli,44.1667,66.75,4.97,84,98,3.02,KZ,1667884391
183,ratnagiri,16.9833,73.3,29.23,49,33,2.74,IN,1667884392
184,bemidji,47.4736,-94.8803,1.14,76,100,6.69,US,1667884392
185,adelaide,-34.9333,138.6,34.48,32,0,5.14,AU,1667884192
186,tall kayf,37.0833,41.0667,15.19,46,100,3.55,TR,1667884394
187,martapura,-3.4167,114.85,29.93,68,98,1.77,ID,1667884395
188,smithers,54.7804,-127.1743,-10.82,57,100,1.03,CA,1667884395
189,sitka,57.0531,-135.33,-2.78,46,22,2.04,US,1667884313
190,presidencia roque saenz pena,-26.7852,-60.4388,18.9,50,98,3.5,AR,1667884396
191,khingansk,49.1167,131.1833,-0.36,58,38,2.46,RU,1667884397
192,nsoko,-27.0333,31.95,23.2,83,100,2.49,SZ,1667884397
193,hobyo,5.3505,48.5268,27.41,70,31,2.88,SO,1667884397
194,kattivakkam,13.2167,80.3167,29.05,71,35,6.17,IN,1667884398
195,newport,51.5877,-2.9984,12.01,90,85,9.04,GB,1667884397
196,saint-philippe,-21.3585,55.7679,25.77,77,22,4.72,RE,1667884400
197,arraial do cabo,-22.9661,-42.0278,19.35,83,100,2.01,BR,1667884400
198,margate,51.3813,1.3862,15.73,76,99,3.13,GB,1667884401
199,pouebo,-20.4,164.5667,25.54,80,96,3.37,NC,1667884402
200,taoudenni,22.6783,-3.9836,20.89,21,21,3.81,ML,1667884402
201,quezon,7.7303,125.0989,29.99,73,74,1.26,PH,1667884402
202,novouzensk,50.4592,48.1431,1.31,78,95,2.9,RU,1667884403
203,mount isa,-20.7333,139.5,37.87,14,1,2.57,AU,1667884403
204,banting,2.8167,101.5,34.22,60,96,1.75,MY,1667884404
205,rudnya,54.947,31.0934,6.58,93,100,4.6,RU,1667884404
206,poum,-20.2333,164.0167,25.39,81,99,9.19,NC,1667884404
207,kodiak,57.79,-152.4072,3.73,87,100,5.66,US,1667884405
208,mehamn,71.0357,27.8492,0.97,86,75,3.09,NO,1667884405
209,faanui,-16.4833,-151.75,25.91,75,16,3.41,PF,1667884406
210,emporia,38.4039,-96.1817,13.11,38,100,5.14,US,1667884407
211,san sebastian,43.3128,-1.975,20.36,47,0,4.12,ES,1667884407
212,hualmay,-11.0964,-77.6139,17.37,86,11,3.48,PE,1667884407
213,nizwa,22.9333,57.5333,26.54,40,5,1.45,OM,1667884408
214,muscat,23.6139,58.5922,33.01,48,9,1.26,OM,1667884141
215,egvekinot,66.3167,-179.1667,-6.51,84,100,7.01,RU,1667884409
216,at-bashi,41.1702,75.8106,3.05,69,93,0.84,KG,1667884409
217,sidi ali,36.0998,0.4206,17.17,70,4,1.41,DZ,1667884410
218,sayyan,15.1718,44.3244,14.25,34,7,0.64,YE,1667884410
219,fruitvale,39.0817,-108.4968,15.32,30,0,5.66,US,1667884411
220,pringsewu,-5.3582,104.9744,28.94,70,100,0.74,ID,1667884411
221,broome,42.2506,-75.833,7.0,71,0,3.6,US,1667884412
222,ambulu,-8.345,113.6058,29.43,71,58,2.67,ID,1667884413
223,kuchera,26.9839,73.9719,29.12,23,33,3.94,IN,1667884413
224,tuktoyaktuk,69.4541,-133.0374,-15.33,81,100,4.47,CA,1667884414
225,zabaykalsk,49.6333,117.3167,2.41,57,87,2.7,RU,1667884415
226,sinnamary,5.3833,-52.95,24.59,90,100,2.67,GF,1667884415
227,waingapu,-9.6567,120.2641,30.62,63,71,4.46,ID,1667884415
228,meulaboh,4.1363,96.1285,29.06,67,88,1.92,ID,1667884416
229,kashary,49.04,41.0056,0.12,87,14,2.53,RU,1667884417
230,thinadhoo,0.5333,72.9333,27.86,76,36,7.28,MV,1667884418
231,hasaki,35.7333,140.8333,20.22,51,0,4.34,JP,1667884418
232,san quintin,30.4833,-115.95,17.28,88,3,3.44,MX,1667884419
233,hambantota,6.1241,81.1185,28.4,68,100,1.35,LK,1667884301
234,gizo,-8.103,156.8419,28.63,75,89,4.87,SB,1667884419
235,nautla,20.2167,-96.7833,23.55,87,7,1.58,MX,1667884420
236,new norfolk,-42.7826,147.0587,27.71,20,58,1.79,AU,1667884421
237,lapy,52.9911,22.8842,8.28,91,30,4.07,PL,1667884421
238,yumen,40.2833,97.2,10.24,21,87,6.41,CN,1667884421
239,bulaevo,54.9056,70.4439,-4.22,90,98,1.43,KZ,1667884422
240,camacha,33.0833,-16.3333,17.68,94,40,2.57,PT,1667884423
241,richards bay,-28.783,32.0377,21.69,94,98,2.52,ZA,1667884423
242,taywarah,33.35,64.4167,3.99,58,72,2.22,AF,1667884424
243,jhawarian,32.3614,72.6228,23.45,41,19,2.37,PK,1667884424
244,husavik,66.0449,-17.3389,4.54,90,100,6.1,IS,1667884425
245,saskylakh,71.9167,114.0833,-30.73,98,53,2.13,RU,1667884425
246,boa vista,2.8197,-60.6733,24.99,88,40,0.51,BR,1667884038
247,jalu,29.0331,21.5482,15.83,84,0,2.83,LY,1667884426
248,makakilo city,21.3469,-158.0858,25.18,70,0,2.57,US,1667884426
249,ulaangom,49.9811,92.0667,0.36,64,86,1.27,MN,1667884427
250,akcakoca,41.0866,31.1162,13.12,80,98,1.41,TR,1667884427
251,sotik,-0.6833,35.1187,16.85,77,98,1.24,KE,1667884428
252,iqaluit,63.7506,-68.5145,-9.61,66,100,3.12,CA,1667884428
253,petropavlovka,50.6114,105.3196,3.45,54,80,1.54,RU,1667884429
254,nalut,30.3333,10.85,12.31,52,0,3.27,LY,1667884429
255,wundanyi,-3.4019,38.364,17.93,72,62,1.43,KE,1667884430
256,seoul,37.5683,126.9778,17.66,43,0,2.56,KR,1667884430
257,takoradi,4.8845,-1.7554,25.38,85,90,0.91,GH,1667884431
258,norman wells,65.282,-126.8329,-16.2,76,20,4.33,CA,1667884207
259,vao,-22.6667,167.4833,23.54,84,97,5.95,NC,1667884431
260,mozarlandia,-14.7447,-50.5706,23.83,64,13,2.24,BR,1667884432
261,port-cartier,50.0334,-66.8654,3.75,61,58,8.34,CA,1667884432
262,port alberni,49.2413,-124.8028,-4.84,83,78,2.14,CA,1667884433
263,dubbo,-32.25,148.6167,22.07,60,100,4.12,AU,1667884239
264,ponnani,10.767,75.9252,28.62,64,4,1.51,IN,1667884433
265,geraldton,-28.7667,114.6,24.23,57,75,6.17,AU,1667884434
266,pangnirtung,66.1451,-65.7125,-14.77,62,56,2.7,CA,1667884434
267,konyar,47.3167,21.6667,6.36,100,100,1.54,HU,1667884435
268,jacareacanga,-6.2222,-57.7528,21.98,98,100,0.72,BR,1667884435
269,tela,15.7833,-87.45,22.84,84,6,2.19,HN,1667884436
270,henties bay,-22.116,14.2845,15.67,93,3,2.64,NA,1667884436
271,navalmoral de la mata,39.8916,-5.5406,15.53,90,95,1.87,ES,1667884436
272,harper,4.375,-7.7169,25.15,86,100,2.9,LR,1667884437
273,gazli,40.1333,63.45,5.11,53,7,4.71,UZ,1667884437
274,los andes,-32.8337,-70.5983,16.67,52,98,0.18,CL,1667884438
275,sao filipe,14.8961,-24.4956,25.18,68,100,1.86,CV,1667884439
276,los llanos de aridane,28.6585,-17.9182,17.86,43,0,4.02,ES,1667884439
277,nema,57.5067,50.5011,-0.98,95,98,3.26,RU,1667884439
278,saint george,37.1041,-113.5841,17.46,40,100,4.63,US,1667884440
279,corowa,-36.0333,146.3833,26.34,50,1,1.07,AU,1667884440
280,qaanaaq,77.484,-69.3632,-18.3,98,100,1.89,GL,1667884441
281,namatanai,-3.6667,152.4333,28.17,76,100,3.14,PG,1667884441
282,nhulunbuy,-12.2333,136.7667,33.34,52,20,5.66,AU,1667884442
283,healesville,-37.65,145.5167,26.18,54,43,0.05,AU,1667884442
284,mantua,45.1667,10.7833,8.36,88,60,0.89,IT,1667884443
285,stara moravica,45.8689,19.4661,8.04,90,14,1.32,RS,1667884443
286,kogon,39.7228,64.5517,4.02,65,100,4.12,UZ,1667884444
287,quatre cocos,-20.2078,57.7625,26.06,69,69,5.33,MU,1667884444
288,samoylovka,51.184,43.7081,-0.06,83,75,2.56,RU,1667884445
289,lufilufi,-13.8745,-171.5986,25.88,76,56,7.63,WS,1667884446
290,lopandino,52.4666,34.8163,2.92,72,99,4.9,RU,1667884446
291,butaritari,3.0707,172.7902,27.15,73,15,2.65,KI,1667884447
292,leningradskiy,69.3833,178.4167,-7.42,93,100,4.92,RU,1667884447
293,helong,42.5397,128.9972,9.06,38,20,2.35,CN,1667884448
294,najran,17.4924,44.1277,21.99,25,0,1.74,SA,1667884366
295,belokurikha,51.9959,84.9896,1.64,92,100,1.22,RU,1667884448
296,maputo,-25.9653,32.5892,23.77,82,100,3.92,MZ,1667884448
297,haines junction,60.7522,-137.5108,-16.0,96,96,0.27,CA,1667884449
298,troitskoye,52.9821,84.6757,0.58,64,87,1.78,RU,1667884449
299,port said,31.2565,32.2841,21.94,65,41,7.18,EG,1667884450
300,barreiras,-12.1528,-44.99,22.36,79,100,0.73,BR,1667884450
301,mersing,2.4312,103.8405,28.87,71,100,3.5,MY,1667884450
302,port saint lucie,27.2939,-80.3503,26.08,59,9,7.2,US,1667884297
303,taphan hin,16.2209,100.4198,29.51,64,3,0.5,TH,1667884451
304,erdenet,49.0333,104.0833,5.65,36,54,1.47,MN,1667884451
305,hamilton,39.1834,-84.5333,11.61,42,75,6.17,US,1667884452
306,pila,53.1515,16.7378,8.03,95,94,3.12,PL,1667884452
307,yantongshan,43.2919,126.0094,9.93,35,22,6.08,CN,1667884453
308,coihaique,-45.5752,-72.0662,12.34,93,75,2.06,CL,1667884453
309,ler,8.3018,30.1418,25.53,65,100,2.0,SS,1667884454
310,krasnoselkup,65.7,82.4667,-5.06,96,100,4.99,RU,1667884454
311,cockburn town,21.4612,-71.1419,26.66,73,17,3.34,TC,1667884455
312,nabire,-3.3667,135.4833,29.43,73,91,2.12,ID,1667884455
313,huarmey,-10.0681,-78.1522,18.06,84,46,3.37,PE,1667884456
314,te anau,-45.4167,167.7167,17.85,53,30,2.34,NZ,1667884199
315,talnakh,69.4865,88.3972,-23.22,100,90,2.1,RU,1667884457
316,tezu,27.9167,96.1667,26.12,40,1,1.55,IN,1667884440
317,erenhot,43.6475,111.9767,9.04,19,75,5.88,CN,1667884457
318,saryg-sep,51.5,95.6,0.38,83,98,0.52,RU,1667884458
319,balanacan,13.5289,121.8677,28.29,78,99,5.28,PH,1667884458
320,kodinsk,58.6881,99.1844,-4.16,82,99,4.16,RU,1667884458
321,khasan,42.4308,130.6434,11.49,35,4,4.32,RU,1667884459
322,abengourou,6.7297,-3.4964,21.35,99,68,0.98,CI,1667884459
323,quito,-0.2299,-78.5249,8.53,91,98,0.58,EC,1667884451
324,pinega,64.7001,43.3936,1.53,100,100,1.86,RU,1667884460
325,tanout,14.9709,8.8879,20.65,19,6,4.77,NE,1667884460
326,palmer,42.1584,-72.3287,10.81,53,0,4.63,US,1667884461
327,olinda,-8.0089,-34.8553,25.85,73,75,1.54,BR,1667883996
328,kalianget,-7.05,113.9333,29.46,67,100,1.92,ID,1667884462
329,port blair,11.6667,92.75,27.42,77,96,5.79,IN,1667884462
330,brezovo,42.35,25.0833,10.35,80,100,0.15,BG,1667884463
331,lavrentiya,65.5833,-171.0,-1.96,95,100,9.3,RU,1667884463
332,benjamin aceval,-24.9667,-57.5667,21.08,60,94,1.46,PY,1667884463
333,yudong,29.385,106.5194,20.83,82,76,0.79,CN,1667884464
334,kapuskasing,49.4169,-82.4331,-1.95,64,100,5.66,CA,1667884464
335,ekhabi,53.5102,142.9671,-3.56,64,99,8.1,RU,1667884465
336,port macquarie,-31.4333,152.9167,20.5,58,54,4.46,AU,1667884465
337,izumo,35.3667,132.7667,17.69,56,23,3.45,JP,1667884466
338,kiruna,67.8557,20.2251,-3.49,86,100,3.09,SE,1667884466
339,port hardy,50.6996,-127.4199,-3.48,54,2,6.82,CA,1667884466
340,port arthur,38.8,121.2667,16.12,41,0,2.53,CN,1667884467
341,ornskoldsvik,63.2909,18.7153,-1.47,93,0,2.57,SE,1667884190
342,buchanan,5.8808,-10.0467,24.86,87,97,1.37,LR,1667884467
343,tres arroyos,-38.3739,-60.2798,15.44,58,0,7.49,AR,1667884468
344,presidente medici,-11.1753,-61.9014,23.29,50,5,1.01,BR,1667884468
345,vestmannaeyjar,63.4427,-20.2734,7.5,83,100,8.15,IS,1667884469
346,chicama,-7.8447,-79.1469,15.3,84,14,1.66,PE,1667884469
347,buluan,6.7203,124.8019,32.24,63,80,0.6,PH,1667884470
348,biak,-0.9131,122.8766,28.79,68,96,0.85,ID,1667884470
349,cayenne,4.9333,-52.3333,24.02,94,95,0.51,GF,1667884471
350,coquimbo,-29.9533,-71.3436,13.85,94,100,3.6,CL,1667884397
351,ust-kuyga,70.0167,135.6,-16.96,97,100,2.63,RU,1667884471
352,tual,-5.6667,132.75,28.95,67,91,2.49,ID,1667884472
353,hay river,60.8156,-115.7999,-19.02,94,35,3.0,CA,1667884472
354,formosa,-26.1775,-58.1781,18.99,68,0,2.57,AR,1667884472
355,beloha,-25.1667,45.05,26.63,59,3,0.88,MG,1667884473
356,kloulklubed,7.0419,134.2556,28.28,68,99,1.05,PW,1667884473
357,jetpur,21.7333,70.6167,29.84,32,1,3.4,IN,1667884474
358,bandundu,-3.3167,17.3667,22.46,93,100,0.52,CD,1667884474
359,klyuchi,52.2667,79.1667,-0.49,63,97,0.9,RU,1667884474
360,uvinza,-5.1036,30.3911,21.37,84,84,0.57,TZ,1667884475
361,yerofey pavlovich,53.9667,121.9667,-4.6,78,100,1.33,RU,1667884475
362,den helder,52.9599,4.7593,12.21,84,100,8.94,NL,1667884476
363,santa rosa,14.3122,121.1114,30.06,75,98,5.02,PH,1667884476
364,sabang,5.8933,95.3214,27.44,75,100,5.58,ID,1667884477
365,pak phanang,8.3511,100.202,28.77,70,96,3.12,TH,1667884477
366,bonthe,7.5264,-12.505,25.21,85,95,1.09,SL,1667884478
367,shingu,33.7333,135.9833,20.12,44,0,1.01,JP,1667884478
368,sabzevar,36.2126,57.6819,7.66,40,12,3.32,IR,1667884479
369,venice,27.0998,-82.4543,22.77,90,32,1.79,US,1667884206
370,anamur,36.0751,32.8369,17.49,64,17,1.71,TR,1667884479
371,satipo,-11.2522,-74.6386,20.87,84,83,1.21,PE,1667884480
372,riyadh,24.6877,46.7219,21.08,29,0,4.79,SA,1667884480
373,san juan,-31.5375,-68.5364,24.71,31,83,9.36,AR,1667884191
374,san isidro,-12.1167,-77.05,17.79,82,0,4.63,PE,1667884481
375,moba,33.2288,105.0179,10.56,72,100,2.38,CN,1667884481
376,trebukhiv,50.4843,30.903,3.84,72,87,3.59,UA,1667884482
377,havoysund,70.9963,24.6622,4.13,80,49,3.62,NO,1667884482
378,knysna,-34.0363,23.0471,18.05,71,2,1.59,ZA,1667884482
379,karasjok,69.4719,25.5112,-0.47,97,100,1.76,NO,1667884483
380,ambilobe,-13.2,49.05,28.63,43,100,2.02,MG,1667884483
381,ketchikan,55.3422,-131.6461,-3.74,46,0,2.06,US,1667884484
382,kirkuk,35.4681,44.3922,18.42,27,91,2.02,IQ,1667884484
383,alekseyevsk,57.8406,108.3492,-3.12,83,100,5.76,RU,1667884485
384,puerto del rosario,28.5004,-13.8627,21.86,78,75,5.66,ES,1667884486
385,ust-karsk,52.7011,118.8077,2.43,62,100,2.73,RU,1667884487
386,constitucion,-35.3333,-72.4167,13.17,71,99,1.64,CL,1667884487
387,porvoo,60.3923,25.6651,9.28,97,100,0.89,FI,1667884488
388,paraiso,9.8383,-83.8656,19.93,100,100,0.13,CR,1667884360
389,hovd,48.0056,91.6419,8.5,29,100,1.82,MN,1667884489
390,gamba,-2.65,10.0,24.45,91,72,2.59,GA,1667884489
391,wanaka,-44.7,169.15,19.27,49,34,1.46,NZ,1667884463
392,natitingou,10.3042,1.3796,21.25,32,91,1.21,BJ,1667884490
393,salalah,17.0151,54.0924,28.05,57,0,1.03,OM,1667884490
394,kisangani,0.5167,25.2,20.71,99,100,0.98,CD,1667884491
395,seidu,9.0167,-10.6,21.01,90,100,0.32,SL,1667884491
396,dondo,-19.6094,34.7431,26.09,75,71,2.11,MZ,1667884491
397,zaysan,47.4667,84.8667,9.91,45,98,4.21,KZ,1667884492
398,santiago,-33.4569,-70.6483,20.7,62,0,4.12,CL,1667884312
399,inhambane,-23.865,35.3833,26.76,74,38,4.64,MZ,1667884492
400,mezen,65.8522,44.24,1.57,99,100,2.0,RU,1667884492
401,aksarayskiy,46.7924,48.0119,2.96,74,100,3.08,RU,1667884493
402,columbus,39.9612,-82.9988,10.06,47,40,5.66,US,1667884431
403,vilhena,-12.7406,-60.1458,20.13,43,4,0.88,BR,1667884494
404,rundu,-17.9333,19.7667,22.17,70,47,1.58,NA,1667884494
405,opunake,-39.4556,173.8583,20.06,68,16,4.69,NZ,1667884495
406,cochrane,51.1834,-114.4687,-17.43,85,0,3.09,CA,1667883628
407,ceres,37.5949,-120.9577,11.97,62,100,3.09,US,1667884496
408,knyaze-volkonskoye,48.4642,135.4567,3.19,54,99,4.59,RU,1667884496
409,sinjar,36.3209,41.8754,16.92,29,100,1.72,IQ,1667884497
410,vila velha,-20.3297,-40.2925,22.19,85,100,2.06,BR,1667884497
411,skrunda,56.6833,22.0167,9.86,91,88,4.63,LV,1667884498
412,tayshet,55.9342,98.0044,-1.83,70,67,3.93,RU,1667884498
413,lata,40.1629,-8.3327,15.51,95,100,2.71,PT,1667884499
414,pueblo nuevo,23.3833,-105.3833,11.41,49,0,2.62,MX,1667884500
415,belmonte,-15.8631,-38.8828,20.89,81,98,2.67,BR,1667884500
416,mumford,5.2618,-0.759,25.65,85,91,2.65,GH,1667884501
417,srednekolymsk,67.45,153.6833,-16.2,97,100,3.15,RU,1667884502
418,rongcheng,30.634,117.8517,24.61,39,5,2.57,CN,1667884503
419,vostok,46.4856,135.8833,0.89,53,76,4.24,RU,1667884503
420,teguise,29.0605,-13.564,16.12,88,3,3.09,ES,1667884503
421,hot springs,34.5037,-93.0552,16.89,90,100,3.09,US,1667884375
422,bodaybo,57.8506,114.1933,-3.5,77,99,5.12,RU,1667884504
423,szczecinek,53.7079,16.6994,8.61,94,98,3.94,PL,1667884505
424,bharwari,25.55,81.5,26.76,40,94,1.98,IN,1667884506
425,upington,-28.4478,21.2561,19.19,65,100,1.88,ZA,1667884506
426,bossangoa,6.4926,17.4552,21.93,67,100,1.43,CF,1667884507
427,iwanai,42.9744,140.5089,9.33,81,70,3.96,JP,1667884507
428,esmeraldas,-19.7625,-44.3139,18.48,93,48,1.67,BR,1667884508
429,mingaora,34.7758,72.3625,18.16,42,84,1.78,PK,1667884509
430,verkhnyaya maksakovka,61.635,50.9674,0.1,100,100,3.0,RU,1667884509
431,sioux lookout,50.1001,-91.917,-3.73,85,100,2.1,CA,1667884509
432,nang rong,14.6377,102.7914,27.87,47,99,5.25,TH,1667884510
433,morondava,-20.2833,44.2833,27.51,70,62,3.24,MG,1667884511
434,dongning,44.0622,131.1207,10.02,31,12,4.04,CN,1667884511
435,borogontsy,62.6683,131.1683,-20.68,90,100,1.5,RU,1667884512
436,beaverlodge,55.2166,-119.4361,-16.53,96,100,3.69,CA,1667884512
437,kommunisticheskiy,61.6789,64.4819,-3.84,92,100,2.52,RU,1667884513
438,grindavik,63.8424,-22.4338,5.26,93,100,6.17,IS,1667884513
439,lodja,-3.4833,23.4333,21.38,89,99,0.26,CD,1667884513
440,prince rupert,54.3161,-130.3201,-5.84,56,0,3.83,CA,1667884514
441,ulladulla,-35.35,150.4667,20.51,57,3,6.6,AU,1667884514
442,la rochelle,46.1667,-1.15,17.04,82,0,6.17,FR,1667884438
443,isangel,-19.55,169.2667,26.47,78,88,4.49,VU,1667884515
444,pevek,69.7008,170.3133,-17.98,99,14,1.52,RU,1667884516
445,pafos,34.7667,32.4167,13.88,82,20,3.6,CY,1667884516
446,kokopo,-4.352,152.2633,27.54,79,98,4.3,PG,1667884517
447,igualada,41.581,1.6172,14.63,92,22,1.36,ES,1667884497
448,praia,14.9215,-23.5087,22.3,83,0,2.57,CV,1667884518
449,marawi,7.9986,124.2928,25.74,79,85,1.84,PH,1667884518
450,daru,-9.0763,143.2092,27.17,77,100,1.55,PG,1667884519
451,dover,39.1582,-75.5244,16.11,42,0,5.14,US,1667884519
452,palana,59.1167,159.9667,-7.22,85,100,3.73,RU,1667884520
453,hohhot,40.8106,111.6522,8.39,27,89,1.19,CN,1667884520
454,bubaque,11.2833,-15.8333,28.67,63,84,6.58,GW,1667884520
455,nuuk,64.1835,-51.7216,-7.66,79,20,7.2,GL,1667884521
456,kobryn,52.2138,24.3564,6.66,93,48,3.37,BY,1667884521
457,canoa,18.355,-71.1585,23.1,83,4,0.89,DO,1667884522
458,fukue,32.6881,128.8419,18.81,49,0,4.45,JP,1667884522
459,sao felix do xingu,-6.6447,-51.995,21.48,97,94,0.34,BR,1667884522
460,aranos,-24.1333,19.1167,16.35,72,4,2.03,NA,1667884523
461,solnechnyy,50.7214,136.6319,1.06,45,70,1.67,RU,1667884523
462,north myrtle beach,33.816,-78.68,20.03,93,75,0.0,US,1667884524
463,dingle,10.9995,122.6711,30.2,73,98,4.21,PH,1667884524
464,ocampo,21.65,-101.5,10.62,91,0,4.58,MX,1667884525
465,berlevag,70.8578,29.0864,1.0,93,100,4.63,NO,1667884525
466,narasannapeta,18.4167,84.05,27.29,62,25,2.34,IN,1667884526
467,alta floresta,-9.8756,-56.0861,22.52,59,11,1.35,BR,1667884526
468,verkhnevilyuysk,63.4453,120.3167,-16.5,85,97,2.36,RU,1667884527
469,tome,-36.6167,-72.95,14.34,65,100,2.3,CL,1667884528
470,patris,40.5611,22.1861,12.18,82,2,1.79,GR,1667884528
471,zhangye,38.9342,100.4517,11.62,21,3,3.31,CN,1667884528
472,bar harbor,44.3876,-68.2039,10.71,47,0,4.92,US,1667884529
473,polson,47.6936,-114.1632,-10.68,96,99,1.2,US,1667884529
474,coihueco,-36.6167,-71.8333,14.41,82,0,0.0,CL,1667884530
475,kankon,15.0167,74.0167,29.69,49,33,1.81,IN,1667884530
476,banda aceh,5.5577,95.3222,29.12,67,100,3.83,ID,1667884531
477,ous,60.9058,61.5186,-1.96,87,100,2.43,RU,1667884531
478,coahuayana,18.7333,-103.6833,23.17,95,31,1.24,MX,1667884532
479,koster,-25.863,26.8976,14.3,95,100,4.3,ZA,1667884532
480,yumbo,3.5823,-76.4915,20.87,94,75,1.03,CO,1667884532
481,leh,34.1667,77.5833,-0.59,57,61,1.94,IN,1667884533
482,katherine,-14.4667,132.2667,40.18,18,59,3.09,AU,1667884533
483,karmala,18.4167,75.2,27.36,35,67,2.69,IN,1667884534
484,camacupa,-12.0167,17.4833,17.19,91,100,0.96,AO,1667884535
485,waddan,29.1614,16.139,14.84,83,14,2.43,LY,1667884535
486,sembe,1.6481,14.5806,21.55,98,100,0.58,CG,1667884280
487,bandarbeyla,9.4942,50.8122,26.66,71,7,1.64,SO,1667884536
488,bongandanga,1.5,21.05,21.49,98,100,0.65,CD,1667884536
489,kenora,49.8167,-94.4337,-1.46,86,100,4.63,CA,1667884527
490,trapani,37.8333,12.6667,13.05,88,20,3.09,IT,1667884537
491,asau,46.4333,26.4,4.6,87,100,1.26,RO,1667884537
492,kikuyu,-1.2458,36.6633,15.38,74,95,3.7,KE,1667884538
493,nizhniy kuranakh,58.8353,125.4869,-4.9,91,100,1.42,RU,1667884538
494,flinders,-34.5833,150.8552,22.25,64,42,5.29,AU,1667884539
495,igrim,63.1906,64.4162,-5.2,95,100,2.09,RU,1667884539
496,ziarat,30.3823,67.7282,8.75,59,7,1.86,PK,1667884540
497,cap malheureux,-19.9842,57.6142,25.82,64,57,3.58,MU,1667884540
498,kailua,21.4022,-157.7394,25.99,82,84,1.79,US,1667884541
499,bengkulu,-3.8004,102.2655,27.7,72,100,2.38,ID,1667884541
500,klaksvik,62.2266,-6.589,10.51,97,100,17.85,FO,1667884542
501,yunyang,33.4474,112.7142,19.59,40,2,3.04,CN,1667884542
502,kirakira,-10.4544,161.9205,29.05,75,30,2.81,SB,1667884543
503,lakselv,70.0513,24.9718,-0.1,93,100,0.0,NO,1667884543
504,derby,52.9228,-1.4766,10.36,90,0,4.63,GB,1667884543
505,alyangula,-13.8483,136.4192,30.66,60,58,5.21,AU,1667884544
506,jumla,29.2747,82.1838,15.42,29,0,2.33,NP,1667884504
507,tadine,-21.55,167.8833,25.26,76,86,3.34,NC,1667884544
508,karratha,-20.7377,116.8463,28.08,30,0,8.05,AU,1667884545
509,breves,-1.6822,-50.4803,22.69,96,100,1.41,BR,1667884546
510,diu,20.7141,70.9822,29.13,41,0,2.31,IN,1667884546
511,kachug,53.9606,105.8817,-2.03,57,95,3.7,RU,1667884547
512,sudzha,51.1976,35.2726,0.62,83,50,2.97,RU,1667884548
513,okhotsk,59.3833,143.3,-13.5,64,5,8.44,RU,1667884548
514,semey,50.4111,80.2275,0.12,86,100,2.0,KZ,1667884549
515,were ilu,10.6,39.4333,12.82,57,9,1.55,ET,1667884549
516,pontianak,-0.0333,109.3333,25.99,88,75,3.09,ID,1667884550
517,mbandaka,0.0487,18.2603,22.23,92,100,1.1,CD,1667884551
518,emerald,-23.5333,148.1667,28.52,38,33,2.5,AU,1667884551
519,lexington,37.9887,-84.4777,11.85,31,0,5.14,US,1667884346
520,darab,28.7519,54.5444,17.97,51,100,1.36,IR,1667884552
521,ambon,-3.6954,128.1814,31.08,70,40,3.09,ID,1667884552
522,jiazi,22.8779,116.067,23.85,72,96,6.71,CN,1667884553
523,lewisville,33.0462,-96.9942,21.92,94,100,3.6,US,1667884322
524,swan hill,-35.3378,143.5544,24.52,49,50,2.23,AU,1667884553
525,mopipi,-21.1833,24.8833,21.87,76,97,1.52,BW,1667884278
526,huty,50.1332,35.3439,0.38,83,5,2.78,UA,1667884554
527,khani,41.9563,42.9566,6.76,66,100,2.38,GE,1667884555
528,maun,-19.9833,23.4167,21.45,78,96,0.22,BW,1667884555
529,dongobesh,-4.0667,35.3833,16.39,76,78,3.43,TZ,1667884556
530,chernyshevskiy,63.0128,112.4714,-8.47,90,100,0.76,RU,1667884556
531,yinchuan,38.4681,106.2731,12.71,42,87,1.56,CN,1667884557
532,ust-nera,64.5667,143.2,-28.7,98,91,1.93,RU,1667884557
533,road town,18.4167,-64.6167,26.05,75,100,6.26,VG,1667884557
534,rosamorada,22.1222,-105.2058,20.04,94,1,1.15,MX,1667884558
535,chirongui,-12.9319,45.1483,28.96,76,30,3.65,YT,1667884558
536,dudinka,69.4058,86.1778,-22.99,100,65,0.74,RU,1667884559
537,christchurch,-43.5333,172.6333,19.11,45,5,6.17,NZ,1667884460
538,maneadero,31.7167,-116.5667,15.61,89,35,0.34,MX,1667884559
539,batagay,67.6333,134.6333,-19.3,97,100,1.5,RU,1667884559
540,eyl,7.9803,49.8164,26.76,67,10,3.44,SO,1667884560
541,soyo,-6.1349,12.3689,25.21,87,96,2.94,AO,1667884560
542,goderich,43.7501,-81.7165,8.28,61,64,9.04,CA,1667884283
543,port augusta,-32.5,137.7667,32.25,21,89,7.13,AU,1667884561
544,roald,62.5833,6.1333,7.09,81,0,5.14,NO,1667884562
545,yaan,7.3833,8.5667,22.05,49,94,1.04,NG,1667884562
546,compiegne,49.4179,2.8261,11.42,66,100,6.32,FR,1667884563
547,tilichiki,60.4667,166.1,-9.12,89,100,3.22,RU,1667884563
548,shar,49.5886,81.0453,0.81,100,100,1.43,KZ,1667884564
549,oranjemund,-28.55,16.4333,15.66,86,36,1.81,NA,1667884565
550,dosso,13.049,3.1937,22.27,22,10,3.76,NE,1667884565
551,narsaq,60.9167,-46.05,-2.88,73,100,2.96,GL,1667884565
552,sept-iles,50.2001,-66.3821,3.92,73,63,2.68,CA,1667884290
553,catalina,32.5056,-110.9211,18.4,31,1,2.99,US,1667884566
554,pampierstad,-27.7832,24.6877,16.23,90,100,1.49,ZA,1667884566
555,lafia,8.4833,8.5167,22.01,48,90,0.9,NG,1667884567
556,kula,38.5473,28.6498,5.96,91,2,1.45,TR,1667884567
557,kyshtovka,56.555,76.6271,-3.67,92,85,1.04,RU,1667884568
558,port hedland,-20.3167,118.5667,28.03,39,0,9.77,AU,1667884568
559,marshall,34.3834,-86.3333,19.96,89,0,0.0,US,1667884569
560,compostela,7.6731,126.0889,30.8,73,87,1.19,PH,1667884570
561,emirdag,39.0197,31.15,5.82,93,8,0.87,TR,1667884571
562,faya,18.3851,42.4509,16.29,76,12,1.99,SA,1667884571
563,yerbogachen,61.2767,108.0108,-6.43,91,100,4.01,RU,1667884572
564,evensk,61.95,159.2333,-7.81,82,100,2.31,RU,1667884572
565,ndele,8.4109,20.6473,23.63,71,97,2.04,CF,1667884572
566,arkadak,51.9326,43.4978,1.15,82,100,2.83,RU,1667884573
567,tamale,9.4008,-0.8393,22.83,25,35,1.36,GH,1667884573
568,karangampel,-6.4622,108.4519,28.85,65,100,1.94,ID,1667884573
569,kota tinggi,1.7381,103.8999,31.13,89,100,1.32,MY,1667884574
570,skibbereen,51.55,-9.2667,11.17,85,100,8.63,IE,1667884574
571,tromso,69.6496,18.957,2.01,87,40,1.03,NO,1667884575
572,terebovlya,49.3019,25.71,6.68,92,73,1.62,UA,1667884576
573,zhuanghe,39.7008,122.9911,12.42,40,2,2.78,CN,1667884576
574,malkara,40.89,26.9011,7.44,89,99,1.89,TR,1667884577
575,stromness,58.965,-3.296,11.98,89,100,10.73,GB,1667884305
576,hidalgo,20.5,-99.0,14.11,90,37,2.19,MX,1667884578
577,songjianghe,42.1859,127.479,6.27,46,25,3.37,CN,1667884578
